mut,abx,sample_count,rep,mutated_TP_gene
WT,CIP,1,1,1
WT,CIP,1,2,1
WT,CIP,1,3,1
WT,CIP,1,4,1
WT,CIP,1,5,2
WT,CIP,1,6,1
WT,CIP,1,7,2
WT,CIP,1,8,2
WT,CIP,1,9,2
WT,CIP,1,10,1
WT,CIP,2,1,2
WT,CIP,2,2,1
WT,CIP,2,3,1
WT,CIP,2,4,2
WT,CIP,2,5,2
WT,CIP,2,6,2
WT,CIP,2,7,1
WT,CIP,2,8,1
WT,CIP,2,9,1
WT,CIP,2,10,1
WT,CIP,3,1,1
WT,CIP,3,2,2
WT,CIP,3,3,4
WT,CIP,3,4,1
WT,CIP,3,5,3
WT,CIP,3,6,1
WT,CIP,3,7,1
WT,CIP,3,8,1
WT,CIP,3,9,1
WT,CIP,3,10,1
WT,CIP,4,1,2
WT,CIP,4,2,4
WT,CIP,4,3,2
WT,CIP,4,4,3
WT,CIP,4,5,3
WT,CIP,4,6,3
WT,CIP,4,7,2
WT,CIP,4,8,1
WT,CIP,4,9,1
WT,CIP,4,10,4
WT,CIP,5,1,5
WT,CIP,5,2,2
WT,CIP,5,3,2
WT,CIP,5,4,4
WT,CIP,5,5,3
WT,CIP,5,6,2
WT,CIP,5,7,4
WT,CIP,5,8,2
WT,CIP,5,9,5
WT,CIP,5,10,5
WT,CIP,6,1,2
WT,CIP,6,2,3
WT,CIP,6,3,2
WT,CIP,6,4,3
WT,CIP,6,5,3
WT,CIP,6,6,2
WT,CIP,6,7,4
WT,CIP,6,8,2
WT,CIP,6,9,5
WT,CIP,6,10,2
WT,CIP,7,1,5
WT,CIP,7,2,2
WT,CIP,7,3,3
WT,CIP,7,4,5
WT,CIP,7,5,5
WT,CIP,7,6,4
WT,CIP,7,7,1
WT,CIP,7,8,2
WT,CIP,7,9,3
WT,CIP,7,10,5
WT,CIP,8,1,4
WT,CIP,8,2,5
WT,CIP,8,3,2
WT,CIP,8,4,4
WT,CIP,8,5,5
WT,CIP,8,6,5
WT,CIP,8,7,3
WT,CIP,8,8,5
WT,CIP,8,9,5
WT,CIP,8,10,5
WT,CIP,9,1,5
WT,CIP,9,2,2
WT,CIP,9,3,5
WT,CIP,9,4,5
WT,CIP,9,5,3
WT,CIP,9,6,3
WT,CIP,9,7,5
WT,CIP,9,8,3
WT,CIP,9,9,5
WT,CIP,9,10,3
WT,CIP,10,1,5
WT,CIP,10,2,5
WT,CIP,10,3,3
WT,CIP,10,4,5
WT,CIP,10,5,5
WT,CIP,10,6,5
WT,CIP,10,7,3
WT,CIP,10,8,5
WT,CIP,10,9,5
WT,CIP,10,10,5
WT,CIP,11,1,3
WT,CIP,11,2,5
WT,CIP,11,3,5
WT,CIP,11,4,5
WT,CIP,11,5,4
WT,CIP,11,6,3
WT,CIP,11,7,5
WT,CIP,11,8,3
WT,CIP,11,9,5
WT,CIP,11,10,5
WT,CIP,12,1,5
WT,CIP,12,2,5
WT,CIP,12,3,3
WT,CIP,12,4,5
WT,CIP,12,5,5
WT,CIP,12,6,5
WT,CIP,12,7,5
WT,CIP,12,8,5
WT,CIP,12,9,3
WT,CIP,12,10,5
WT,CIP,13,1,5
WT,CIP,13,2,5
WT,CIP,13,3,5
WT,CIP,13,4,5
WT,CIP,13,5,3
WT,CIP,13,6,5
WT,CIP,13,7,5
WT,CIP,13,8,5
WT,CIP,13,9,5
WT,CIP,13,10,5
WT,CIP,14,1,5
WM,CIP,1,1,3
WM,CIP,1,2,3
WM,CIP,1,3,1
WM,CIP,1,4,3
WM,CIP,1,5,1
WM,CIP,1,6,3
WM,CIP,1,7,3
WM,CIP,1,8,3
WM,CIP,1,9,3
WM,CIP,1,10,2
WM,CIP,2,1,5
WM,CIP,2,2,6
WM,CIP,2,3,3
WM,CIP,2,4,5
WM,CIP,2,5,5
WM,CIP,2,6,4
WM,CIP,2,7,3
WM,CIP,2,8,5
WM,CIP,2,9,4
WM,CIP,2,10,5
WM,CIP,3,1,4
WM,CIP,3,2,5
WM,CIP,3,3,3
WM,CIP,3,4,4
WM,CIP,3,5,6
WM,CIP,3,6,6
WM,CIP,3,7,5
WM,CIP,3,8,5
WM,CIP,3,9,4
WM,CIP,3,10,6
WM,CIP,4,1,5
WM,CIP,4,2,6
WM,CIP,4,3,4
WM,CIP,4,4,4
WM,CIP,4,5,6
WM,CIP,4,6,5
WM,CIP,4,7,3
WM,CIP,4,8,7
WM,CIP,4,9,7
WM,CIP,4,10,5
WM,CIP,5,1,6
WM,CIP,5,2,5
WM,CIP,5,3,7
WM,CIP,5,4,4
WM,CIP,5,5,7
WM,CIP,5,6,4
WM,CIP,5,7,6
WM,CIP,5,8,5
WM,CIP,5,9,5
WM,CIP,5,10,4
WM,CIP,6,1,8
WM,CIP,6,2,6
WM,CIP,6,3,7
WM,CIP,6,4,6
WM,CIP,6,5,6
WM,CIP,6,6,5
WM,CIP,6,7,7
WM,CIP,6,8,5
WM,CIP,6,9,8
WM,CIP,6,10,7
WM,CIP,7,1,6
WM,CIP,7,2,7
WM,CIP,7,3,7
WM,CIP,7,4,7
WM,CIP,7,5,7
WM,CIP,7,6,7
WM,CIP,7,7,7
WM,CIP,7,8,8
WM,CIP,7,9,7
WM,CIP,7,10,5
WM,CIP,8,1,6
WM,CIP,8,2,6
WM,CIP,8,3,7
WM,CIP,8,4,6
WM,CIP,8,5,8
WM,CIP,8,6,6
WM,CIP,8,7,7
WM,CIP,8,8,7
WM,CIP,8,9,8
WM,CIP,8,10,5
WM,CIP,9,1,7
WM,CIP,9,2,6
WM,CIP,9,3,8
WM,CIP,9,4,4
WM,CIP,9,5,7
WM,CIP,9,6,6
WM,CIP,9,7,6
WM,CIP,9,8,7
WM,CIP,9,9,6
WM,CIP,9,10,7
WM,CIP,10,1,7
WM,CIP,10,2,6
WM,CIP,10,3,8
WM,CIP,10,4,8
WM,CIP,10,5,7
WM,CIP,10,6,6
WM,CIP,10,7,7
WM,CIP,10,8,7
WM,CIP,10,9,7
WM,CIP,10,10,7
WM,CIP,11,1,8
WM,CIP,11,2,8
WM,CIP,11,3,7
WM,CIP,11,4,7
WM,CIP,11,5,8
WM,CIP,11,6,8
WM,CIP,11,7,6
WM,CIP,11,8,7
WM,CIP,11,9,8
WM,CIP,11,10,8
WM,CIP,12,1,8
WM,CIP,12,2,8
WM,CIP,12,3,7
WM,CIP,12,4,6
WM,CIP,12,5,8
WM,CIP,12,6,8
WM,CIP,12,7,7
WM,CIP,12,8,8
WM,CIP,12,9,8
WM,CIP,12,10,7
WM,CIP,13,1,8
WM,CIP,13,2,7
WM,CIP,13,3,8
WM,CIP,13,4,8
WM,CIP,13,5,8
WM,CIP,13,6,8
WM,CIP,13,7,8
WM,CIP,13,8,8
WM,CIP,13,9,8
WM,CIP,13,10,7
WM,CIP,14,1,8
WM,CIP,14,2,7
WM,CIP,14,3,8
WM,CIP,14,4,8
WM,CIP,14,5,8
WM,CIP,14,6,8
WM,CIP,14,7,8
WM,CIP,14,8,8
WM,CIP,14,9,8
WM,CIP,14,10,8
WM,CIP,15,1,8
MT,CIP,1,1,5
MT,CIP,1,2,4
MT,CIP,1,3,3
MT,CIP,1,4,3
MT,CIP,1,5,3
MT,CIP,1,6,2
MT,CIP,1,7,2
MT,CIP,1,8,2
MT,CIP,1,9,6
MT,CIP,1,10,3
MT,CIP,2,1,5
MT,CIP,2,2,7
MT,CIP,2,3,7
MT,CIP,2,4,5
MT,CIP,2,5,4
MT,CIP,2,6,6
MT,CIP,2,7,5
MT,CIP,2,8,5
MT,CIP,2,9,6
MT,CIP,2,10,5
MT,CIP,3,1,6
MT,CIP,3,2,6
MT,CIP,3,3,6
MT,CIP,3,4,8
MT,CIP,3,5,7
MT,CIP,3,6,7
MT,CIP,3,7,7
MT,CIP,3,8,6
MT,CIP,3,9,8
MT,CIP,3,10,6
MT,CIP,4,1,7
MT,CIP,4,2,5
MT,CIP,4,3,8
MT,CIP,4,4,8
MT,CIP,4,5,7
MT,CIP,4,6,8
MT,CIP,4,7,7
MT,CIP,4,8,8
MT,CIP,4,9,5
MT,CIP,4,10,7
MT,CIP,5,1,7
MT,CIP,5,2,8
MT,CIP,5,3,7
MT,CIP,5,4,9
MT,CIP,5,5,8
MT,CIP,5,6,6
MT,CIP,5,7,9
MT,CIP,5,8,7
MT,CIP,5,9,9
MT,CIP,5,10,9
MT,CIP,6,1,9
MT,CIP,6,2,9
MT,CIP,6,3,8
MT,CIP,6,4,8
MT,CIP,6,5,7
MT,CIP,6,6,7
MT,CIP,6,7,7
MT,CIP,6,8,7
MT,CIP,6,9,8
MT,CIP,6,10,8
MT,CIP,7,1,8
MT,CIP,7,2,9
MT,CIP,7,3,9
MT,CIP,7,4,7
MT,CIP,7,5,9
MT,CIP,7,6,9
MT,CIP,7,7,9
MT,CIP,7,8,8
MT,CIP,7,9,8
MT,CIP,7,10,8
MT,CIP,8,1,8
MT,CIP,8,2,9
MT,CIP,8,3,8
MT,CIP,8,4,9
MT,CIP,8,5,9
MT,CIP,8,6,9
MT,CIP,8,7,9
MT,CIP,8,8,9
MT,CIP,8,9,9
MT,CIP,8,10,9
MT,CIP,9,1,9
MT,CIP,9,2,9
MT,CIP,9,3,7
MT,CIP,9,4,9
MT,CIP,9,5,9
MT,CIP,9,6,9
MT,CIP,9,7,9
MT,CIP,9,8,9
MT,CIP,9,9,9
MT,CIP,9,10,9
MT,CIP,10,1,9
MT,CIP,10,2,9
MT,CIP,10,3,8
MT,CIP,10,4,9
MT,CIP,10,5,9
MT,CIP,10,6,9
MT,CIP,10,7,9
MT,CIP,10,8,8
MT,CIP,10,9,9
MT,CIP,10,10,9
MT,CIP,11,1,9
MT,CIP,11,2,9
MT,CIP,11,3,9
MT,CIP,11,4,9
MT,CIP,11,5,9
MT,CIP,11,6,8
MT,CIP,11,7,9
MT,CIP,11,8,9
MT,CIP,11,9,9
MT,CIP,11,10,9
MT,CIP,12,1,8
MT,CIP,12,2,9
MT,CIP,12,3,9
MT,CIP,12,4,9
MT,CIP,12,5,9
MT,CIP,12,6,9
MT,CIP,12,7,9
MT,CIP,12,8,9
MT,CIP,12,9,9
MT,CIP,12,10,9
MT,CIP,13,1,9
MT,CIP,13,2,8
MT,CIP,13,3,9
MT,CIP,13,4,9
MT,CIP,13,5,9
MT,CIP,13,6,9
MT,CIP,13,7,9
MT,CIP,13,8,9
MT,CIP,13,9,9
MT,CIP,13,10,9
MT,CIP,14,1,9
MT,CIP,14,2,9
MT,CIP,14,3,9
MT,CIP,14,4,9
MT,CIP,14,5,9
MT,CIP,14,6,9
MT,CIP,14,7,9
MT,CIP,14,8,9
MT,CIP,14,9,9
MT,CIP,14,10,9
MT,CIP,15,1,9
MT,CIP,15,2,9
MT,CIP,15,3,9
MT,CIP,15,4,9
MT,CIP,15,5,9
MT,CIP,15,6,9
MT,CIP,15,7,9
MT,CIP,15,8,9
MT,CIP,15,9,9
MT,CIP,15,10,9
MT,CIP,16,1,9
MT,CIP,16,2,9
MT,CIP,16,3,9
MT,CIP,16,4,9
MT,CIP,16,5,9
MT,CIP,16,6,9
MT,CIP,16,7,9
MT,CIP,16,8,9
MT,CIP,16,9,9
MT,CIP,16,10,9
MT,CIP,17,1,9
MT,CIP,17,2,9
MT,CIP,17,3,9
MT,CIP,17,4,9
MT,CIP,17,5,9
MT,CIP,17,6,9
MT,CIP,17,7,9
MT,CIP,17,8,9
MT,CIP,17,9,9
MT,CIP,17,10,9
MT,CIP,18,1,9
MT,CIP,18,2,9
MT,CIP,18,3,9
MT,CIP,18,4,9
MT,CIP,18,5,9
MT,CIP,18,6,9
MT,CIP,18,7,9
MT,CIP,18,8,9
MT,CIP,18,9,9
MT,CIP,18,10,9
MT,CIP,19,1,9
MT,CIP,19,2,9
MT,CIP,19,3,9
MT,CIP,19,4,9
MT,CIP,19,5,9
MT,CIP,19,6,9
MT,CIP,19,7,9
MT,CIP,19,8,9
MT,CIP,19,9,9
MT,CIP,19,10,9
MT,CIP,20,1,9
MT,CIP,20,2,9
MT,CIP,20,3,9
MT,CIP,20,4,9
MT,CIP,20,5,9
MT,CIP,20,6,9
MT,CIP,20,7,9
MT,CIP,20,8,9
MT,CIP,20,9,9
MT,CIP,20,10,9
MT,CIP,21,1,9
MT,CIP,21,2,9
MT,CIP,21,3,9
MT,CIP,21,4,9
MT,CIP,21,5,9
MT,CIP,21,6,9
MT,CIP,21,7,9
MT,CIP,21,8,9
MT,CIP,21,9,9
MT,CIP,21,10,9
MT,CIP,22,1,9
MT,CIP,22,2,9
MT,CIP,22,3,9
MT,CIP,22,4,9
MT,CIP,22,5,9
MT,CIP,22,6,9
MT,CIP,22,7,9
MT,CIP,22,8,9
MT,CIP,22,9,9
MT,CIP,22,10,9
MT,CIP,23,1,9
MT,CIP,23,2,9
MT,CIP,23,3,9
MT,CIP,23,4,9
MT,CIP,23,5,9
MT,CIP,23,6,9
MT,CIP,23,7,9
MT,CIP,23,8,9
MT,CIP,23,9,9
MT,CIP,23,10,9
MT,CIP,24,1,9
MT,CIP,24,2,9
MT,CIP,24,3,9
MT,CIP,24,4,9
MT,CIP,24,5,9
MT,CIP,24,6,9
MT,CIP,24,7,9
MT,CIP,24,8,9
MT,CIP,24,9,9
MT,CIP,24,10,9
MT,CIP,25,1,9
MT,CIP,25,2,9
MT,CIP,25,3,9
MT,CIP,25,4,9
MT,CIP,25,5,9
MT,CIP,25,6,9
MT,CIP,25,7,9
MT,CIP,25,8,9
MT,CIP,25,9,9
MT,CIP,25,10,9
MT,CIP,26,1,9
MT,CIP,26,2,9
MT,CIP,26,3,9
MT,CIP,26,4,9
MT,CIP,26,5,9
MT,CIP,26,6,9
MT,CIP,26,7,9
MT,CIP,26,8,9
MT,CIP,26,9,9
MT,CIP,26,10,9
MT,CIP,27,1,9
MT,CIP,27,2,9
MT,CIP,27,3,9
MT,CIP,27,4,9
MT,CIP,27,5,9
MT,CIP,27,6,9
MT,CIP,27,7,9
MT,CIP,27,8,9
MT,CIP,27,9,9
MT,CIP,27,10,9
MT,CIP,28,1,9
MT,CIP,28,2,9
MT,CIP,28,3,9
MT,CIP,28,4,9
MT,CIP,28,5,9
MT,CIP,28,6,9
MT,CIP,28,7,9
MT,CIP,28,8,9
MT,CIP,28,9,9
MT,CIP,28,10,9
MT,CIP,29,1,9
WT,COL,1,1,1
WT,COL,1,2,2
WT,COL,1,3,3
WT,COL,1,4,2
WT,COL,1,5,2
WT,COL,1,6,2
WT,COL,1,7,2
WT,COL,1,8,2
WT,COL,1,9,0
WT,COL,1,10,3
WT,COL,2,1,2
WT,COL,2,2,2
WT,COL,2,3,3
WT,COL,2,4,5
WT,COL,2,5,2
WT,COL,2,6,3
WT,COL,2,7,3
WT,COL,2,8,4
WT,COL,2,9,2
WT,COL,2,10,4
WT,COL,3,1,2
WT,COL,3,2,4
WT,COL,3,3,4
WT,COL,3,4,4
WT,COL,3,5,2
WT,COL,3,6,4
WT,COL,3,7,4
WT,COL,3,8,3
WT,COL,3,9,4
WT,COL,3,10,4
WT,COL,4,1,3
WT,COL,4,2,4
WT,COL,4,3,4
WT,COL,4,4,4
WT,COL,4,5,4
WT,COL,4,6,5
WT,COL,4,7,4
WT,COL,4,8,4
WT,COL,4,9,3
WT,COL,4,10,4
WT,COL,5,1,4
WT,COL,5,2,4
WT,COL,5,3,2
WT,COL,5,4,4
WT,COL,5,5,6
WT,COL,5,6,3
WT,COL,5,7,3
WT,COL,5,8,4
WT,COL,5,9,4
WT,COL,5,10,5
WT,COL,6,1,4
WT,COL,6,2,3
WT,COL,6,3,5
WT,COL,6,4,3
WT,COL,6,5,3
WT,COL,6,6,5
WT,COL,6,7,3
WT,COL,6,8,5
WT,COL,6,9,5
WT,COL,6,10,5
WT,COL,7,1,5
WT,COL,7,2,5
WT,COL,7,3,5
WT,COL,7,4,5
WT,COL,7,5,5
WT,COL,7,6,6
WT,COL,7,7,5
WT,COL,7,8,3
WT,COL,7,9,3
WT,COL,7,10,5
WT,COL,8,1,4
WT,COL,8,2,4
WT,COL,8,3,5
WT,COL,8,4,5
WT,COL,8,5,5
WT,COL,8,6,5
WT,COL,8,7,6
WT,COL,8,8,5
WT,COL,8,9,5
WT,COL,8,10,6
WT,COL,9,1,5
WT,COL,9,2,5
WT,COL,9,3,5
WT,COL,9,4,5
WT,COL,9,5,6
WT,COL,9,6,6
WT,COL,9,7,5
WT,COL,9,8,5
WT,COL,9,9,4
WT,COL,9,10,5
WT,COL,10,1,5
WT,COL,10,2,6
WT,COL,10,3,5
WT,COL,10,4,5
WT,COL,10,5,5
WT,COL,10,6,4
WT,COL,10,7,3
WT,COL,10,8,6
WT,COL,10,9,5
WT,COL,10,10,5
WT,COL,11,1,6
WT,COL,11,2,6
WT,COL,11,3,5
WT,COL,11,4,6
WT,COL,11,5,6
WT,COL,11,6,5
WT,COL,11,7,6
WT,COL,11,8,5
WT,COL,11,9,5
WT,COL,11,10,5
WT,COL,12,1,5
WT,COL,12,2,4
WT,COL,12,3,4
WT,COL,12,4,5
WT,COL,12,5,6
WT,COL,12,6,6
WT,COL,12,7,6
WT,COL,12,8,5
WT,COL,12,9,6
WT,COL,12,10,6
WT,COL,13,1,6
WT,COL,13,2,6
WT,COL,13,3,6
WT,COL,13,4,6
WT,COL,13,5,6
WT,COL,13,6,5
WT,COL,13,7,5
WT,COL,13,8,6
WT,COL,13,9,6
WT,COL,13,10,5
WT,COL,14,1,6
WT,COL,14,2,6
WT,COL,14,3,6
WT,COL,14,4,6
WT,COL,14,5,6
WT,COL,14,6,6
WT,COL,14,7,5
WT,COL,14,8,5
WT,COL,14,9,5
WT,COL,14,10,6
WT,COL,15,1,6
WT,COL,15,2,5
WT,COL,15,3,6
WT,COL,15,4,6
WT,COL,15,5,6
WT,COL,15,6,6
WT,COL,15,7,6
WT,COL,15,8,6
WT,COL,15,9,6
WT,COL,15,10,6
WT,COL,16,1,6
WT,COL,16,2,6
WT,COL,16,3,6
WT,COL,16,4,6
WT,COL,16,5,6
WT,COL,16,6,6
WT,COL,16,7,6
WT,COL,16,8,6
WT,COL,16,9,6
WT,COL,16,10,6
WT,COL,17,1,6
WM,COL,1,1,1
WM,COL,1,2,2
WM,COL,1,3,2
WM,COL,1,4,3
WM,COL,1,5,2
WM,COL,1,6,3
WM,COL,1,7,1
WM,COL,1,8,1
WM,COL,1,9,3
WM,COL,1,10,1
WM,COL,2,1,3
WM,COL,2,2,2
WM,COL,2,3,4
WM,COL,2,4,1
WM,COL,2,5,1
WM,COL,2,6,3
WM,COL,2,7,3
WM,COL,2,8,1
WM,COL,2,9,1
WM,COL,2,10,1
WM,COL,3,1,7
WM,COL,3,2,6
WM,COL,3,3,5
WM,COL,3,4,3
WM,COL,3,5,7
WM,COL,3,6,5
WM,COL,3,7,5
WM,COL,3,8,3
WM,COL,3,9,3
WM,COL,3,10,6
WM,COL,4,1,5
WM,COL,4,2,7
WM,COL,4,3,7
WM,COL,4,4,5
WM,COL,4,5,7
WM,COL,4,6,5
WM,COL,4,7,3
WM,COL,4,8,5
WM,COL,4,9,6
WM,COL,4,10,5
WM,COL,5,1,3
WM,COL,5,2,5
WM,COL,5,3,3
WM,COL,5,4,4
WM,COL,5,5,7
WM,COL,5,6,8
WM,COL,5,7,5
WM,COL,5,8,6
WM,COL,5,9,5
WM,COL,5,10,6
WM,COL,6,1,6
WM,COL,6,2,5
WM,COL,6,3,7
WM,COL,6,4,6
WM,COL,6,5,6
WM,COL,6,6,7
WM,COL,6,7,6
WM,COL,6,8,4
WM,COL,6,9,6
WM,COL,6,10,7
WM,COL,7,1,5
WM,COL,7,2,4
WM,COL,7,3,8
WM,COL,7,4,5
WM,COL,7,5,8
WM,COL,7,6,6
WM,COL,7,7,6
WM,COL,7,8,7
WM,COL,7,9,9
WM,COL,7,10,3
WM,COL,8,1,8
WM,COL,8,2,7
WM,COL,8,3,6
WM,COL,8,4,7
WM,COL,8,5,7
WM,COL,8,6,8
WM,COL,8,7,8
WM,COL,8,8,9
WM,COL,8,9,6
WM,COL,8,10,8
WM,COL,9,1,6
WM,COL,9,2,8
WM,COL,9,3,6
WM,COL,9,4,6
WM,COL,9,5,8
WM,COL,9,6,7
WM,COL,9,7,7
WM,COL,9,8,7
WM,COL,9,9,6
WM,COL,9,10,8
WM,COL,10,1,9
WM,COL,10,2,8
WM,COL,10,3,7
WM,COL,10,4,7
WM,COL,10,5,9
WM,COL,10,6,7
WM,COL,10,7,9
WM,COL,10,8,7
WM,COL,10,9,6
WM,COL,10,10,7
WM,COL,11,1,7
WM,COL,11,2,9
WM,COL,11,3,8
WM,COL,11,4,9
WM,COL,11,5,7
WM,COL,11,6,9
WM,COL,11,7,4
WM,COL,11,8,9
WM,COL,11,9,8
WM,COL,11,10,7
WM,COL,12,1,7
WM,COL,12,2,8
WM,COL,12,3,7
WM,COL,12,4,7
WM,COL,12,5,8
WM,COL,12,6,9
WM,COL,12,7,8
WM,COL,12,8,7
WM,COL,12,9,8
WM,COL,12,10,8
WM,COL,13,1,6
WM,COL,13,2,9
WM,COL,13,3,8
WM,COL,13,4,8
WM,COL,13,5,7
WM,COL,13,6,9
WM,COL,13,7,8
WM,COL,13,8,7
WM,COL,13,9,9
WM,COL,13,10,9
WM,COL,14,1,9
WM,COL,14,2,9
WM,COL,14,3,8
WM,COL,14,4,7
WM,COL,14,5,9
WM,COL,14,6,9
WM,COL,14,7,8
WM,COL,14,8,9
WM,COL,14,9,8
WM,COL,14,10,9
WM,COL,15,1,9
WM,COL,15,2,8
WM,COL,15,3,8
WM,COL,15,4,9
WM,COL,15,5,9
WM,COL,15,6,8
WM,COL,15,7,8
WM,COL,15,8,9
WM,COL,15,9,7
WM,COL,15,10,8
WM,COL,16,1,8
WM,COL,16,2,9
WM,COL,16,3,9
WM,COL,16,4,9
WM,COL,16,5,9
WM,COL,16,6,8
WM,COL,16,7,8
WM,COL,16,8,9
WM,COL,16,9,9
WM,COL,16,10,9
WM,COL,17,1,9
WM,COL,17,2,9
WM,COL,17,3,9
WM,COL,17,4,9
WM,COL,17,5,9
WM,COL,17,6,9
WM,COL,17,7,9
WM,COL,17,8,9
WM,COL,17,9,9
WM,COL,17,10,8
WM,COL,18,1,8
WM,COL,18,2,8
WM,COL,18,3,8
WM,COL,18,4,8
WM,COL,18,5,9
WM,COL,18,6,8
WM,COL,18,7,9
WM,COL,18,8,9
WM,COL,18,9,8
WM,COL,18,10,9
WM,COL,19,1,9
WM,COL,19,2,9
WM,COL,19,3,9
WM,COL,19,4,9
WM,COL,19,5,9
WM,COL,19,6,9
WM,COL,19,7,9
WM,COL,19,8,8
WM,COL,19,9,9
WM,COL,19,10,9
WM,COL,20,1,9
MT,COL,1,1,6
MT,COL,1,2,2
MT,COL,1,3,3
MT,COL,1,4,2
MT,COL,1,5,4
MT,COL,1,6,4
MT,COL,1,7,3
MT,COL,1,8,2
MT,COL,1,9,6
MT,COL,1,10,4
MT,COL,2,1,3
MT,COL,2,2,5
MT,COL,2,3,3
MT,COL,2,4,3
MT,COL,2,5,4
MT,COL,2,6,4
MT,COL,2,7,4
MT,COL,2,8,4
MT,COL,2,9,3
MT,COL,2,10,5
MT,COL,3,1,6
MT,COL,3,2,7
MT,COL,3,3,5
MT,COL,3,4,5
MT,COL,3,5,3
MT,COL,3,6,6
MT,COL,3,7,5
MT,COL,3,8,5
MT,COL,3,9,6
MT,COL,3,10,3
MT,COL,4,1,4
MT,COL,4,2,7
MT,COL,4,3,7
MT,COL,4,4,9
MT,COL,4,5,5
MT,COL,4,6,7
MT,COL,4,7,5
MT,COL,4,8,3
MT,COL,4,9,6
MT,COL,4,10,5
MT,COL,5,1,7
MT,COL,5,2,4
MT,COL,5,3,7
MT,COL,5,4,6
MT,COL,5,5,8
MT,COL,5,6,9
MT,COL,5,7,7
MT,COL,5,8,8
MT,COL,5,9,7
MT,COL,5,10,8
MT,COL,6,1,7
MT,COL,6,2,7
MT,COL,6,3,8
MT,COL,6,4,9
MT,COL,6,5,7
MT,COL,6,6,8
MT,COL,6,7,7
MT,COL,6,8,8
MT,COL,6,9,7
MT,COL,6,10,8
MT,COL,7,1,7
MT,COL,7,2,7
MT,COL,7,3,7
MT,COL,7,4,8
MT,COL,7,5,8
MT,COL,7,6,7
MT,COL,7,7,8
MT,COL,7,8,5
MT,COL,7,9,8
MT,COL,7,10,7
MT,COL,8,1,7
MT,COL,8,2,7
MT,COL,8,3,8
MT,COL,8,4,8
MT,COL,8,5,8
MT,COL,8,6,8
MT,COL,8,7,8
MT,COL,8,8,8
MT,COL,8,9,9
MT,COL,8,10,8
MT,COL,9,1,8
MT,COL,9,2,7
MT,COL,9,3,8
MT,COL,9,4,8
MT,COL,9,5,9
MT,COL,9,6,9
MT,COL,9,7,8
MT,COL,9,8,8
MT,COL,9,9,8
MT,COL,9,10,8
MT,COL,10,1,8
MT,COL,10,2,8
MT,COL,10,3,9
MT,COL,10,4,9
MT,COL,10,5,9
MT,COL,10,6,8
MT,COL,10,7,8
MT,COL,10,8,9
MT,COL,10,9,8
MT,COL,10,10,9
MT,COL,11,1,9
MT,COL,11,2,9
MT,COL,11,3,8
MT,COL,11,4,9
MT,COL,11,5,8
MT,COL,11,6,8
MT,COL,11,7,8
MT,COL,11,8,8
MT,COL,11,9,9
MT,COL,11,10,9
MT,COL,12,1,9
MT,COL,12,2,7
MT,COL,12,3,7
MT,COL,12,4,9
MT,COL,12,5,8
MT,COL,12,6,6
MT,COL,12,7,8
MT,COL,12,8,9
MT,COL,12,9,8
MT,COL,12,10,8
MT,COL,13,1,8
MT,COL,13,2,9
MT,COL,13,3,7
MT,COL,13,4,8
MT,COL,13,5,8
MT,COL,13,6,7
MT,COL,13,7,9
MT,COL,13,8,8
MT,COL,13,9,9
MT,COL,13,10,9
MT,COL,14,1,9
MT,COL,14,2,9
MT,COL,14,3,8
MT,COL,14,4,9
MT,COL,14,5,8
MT,COL,14,6,8
MT,COL,14,7,9
MT,COL,14,8,9
MT,COL,14,9,9
MT,COL,14,10,8
MT,COL,15,1,7
MT,COL,15,2,9
MT,COL,15,3,9
MT,COL,15,4,9
MT,COL,15,5,9
MT,COL,15,6,8
MT,COL,15,7,9
MT,COL,15,8,8
MT,COL,15,9,9
MT,COL,15,10,9
MT,COL,16,1,9
MT,COL,16,2,8
MT,COL,16,3,9
MT,COL,16,4,9
MT,COL,16,5,8
MT,COL,16,6,9
MT,COL,16,7,8
MT,COL,16,8,9
MT,COL,16,9,9
MT,COL,16,10,9
MT,COL,17,1,9
MT,COL,17,2,9
MT,COL,17,3,9
MT,COL,17,4,8
MT,COL,17,5,9
MT,COL,17,6,9
MT,COL,17,7,9
MT,COL,17,8,9
MT,COL,17,9,9
MT,COL,17,10,8
MT,COL,18,1,9
MT,COL,18,2,9
MT,COL,18,3,9
MT,COL,18,4,9
MT,COL,18,5,9
MT,COL,18,6,8
MT,COL,18,7,9
MT,COL,18,8,8
MT,COL,18,9,8
MT,COL,18,10,9
MT,COL,19,1,8
MT,COL,19,2,9
MT,COL,19,3,9
MT,COL,19,4,9
MT,COL,19,5,8
MT,COL,19,6,9
MT,COL,19,7,9
MT,COL,19,8,9
MT,COL,19,9,9
MT,COL,19,10,9
MT,COL,20,1,9
MT,COL,20,2,9
MT,COL,20,3,8
MT,COL,20,4,9
MT,COL,20,5,9
MT,COL,20,6,9
MT,COL,20,7,9
MT,COL,20,8,9
MT,COL,20,9,9
MT,COL,20,10,9
MT,COL,21,1,9
MT,COL,21,2,9
MT,COL,21,3,8
MT,COL,21,4,9
MT,COL,21,5,9
MT,COL,21,6,9
MT,COL,21,7,9
MT,COL,21,8,9
MT,COL,21,9,9
MT,COL,21,10,9
MT,COL,22,1,8
MT,COL,22,2,9
MT,COL,22,3,9
MT,COL,22,4,9
MT,COL,22,5,9
MT,COL,22,6,8
MT,COL,22,7,9
MT,COL,22,8,9
MT,COL,22,9,8
MT,COL,22,10,9
MT,COL,23,1,9
MT,COL,23,2,9
MT,COL,23,3,9
MT,COL,23,4,9
MT,COL,23,5,9
MT,COL,23,6,9
MT,COL,23,7,9
MT,COL,23,8,9
MT,COL,23,9,9
MT,COL,23,10,9
MT,COL,24,1,9
MT,COL,24,2,9
MT,COL,24,3,9
MT,COL,24,4,9
MT,COL,24,5,9
MT,COL,24,6,9
MT,COL,24,7,9
MT,COL,24,8,9
MT,COL,24,9,9
MT,COL,24,10,9
MT,COL,25,1,9
MT,COL,25,2,9
MT,COL,25,3,9
MT,COL,25,4,9
MT,COL,25,5,9
MT,COL,25,6,9
MT,COL,25,7,8
MT,COL,25,8,9
MT,COL,25,9,9
MT,COL,25,10,9
MT,COL,26,1,9
MT,COL,26,2,9
MT,COL,26,3,9
MT,COL,26,4,9
MT,COL,26,5,9
MT,COL,26,6,9
MT,COL,26,7,9
MT,COL,26,8,9
MT,COL,26,9,9
MT,COL,26,10,9
MT,COL,27,1,9
MT,COL,27,2,9
MT,COL,27,3,9
MT,COL,27,4,9
MT,COL,27,5,9
MT,COL,27,6,9
MT,COL,27,7,9
MT,COL,27,8,9
MT,COL,27,9,9
MT,COL,27,10,9
MT,COL,28,1,9
MT,COL,28,2,9
MT,COL,28,3,9
MT,COL,28,4,9
MT,COL,28,5,9
MT,COL,28,6,9
MT,COL,28,7,9
MT,COL,28,8,9
MT,COL,28,9,9
MT,COL,28,10,9
MT,COL,29,1,9
MT,COL,29,2,9
MT,COL,29,3,9
MT,COL,29,4,9
MT,COL,29,5,9
MT,COL,29,6,9
MT,COL,29,7,9
MT,COL,29,8,9
MT,COL,29,9,9
MT,COL,29,10,9
MT,COL,30,1,9
MT,COL,30,2,9
MT,COL,30,3,9
MT,COL,30,4,9
MT,COL,30,5,9
MT,COL,30,6,9
MT,COL,30,7,9
MT,COL,30,8,9
MT,COL,30,9,9
MT,COL,30,10,9
MT,COL,31,1,9
