abx,mut,strain,coding_mut_count,day,coding_mut_per_day
ciprofloxacin,mutator,02-P,579,14,41.357142857142854
ciprofloxacin,mutator,03-P,997,14,71.21428571428571
ciprofloxacin,mutator,08-P,575,14,41.07142857142857
ciprofloxacin,mutator,1-14,377,14,26.928571428571427
ciprofloxacin,mutator,12-P,606,14,43.285714285714285
ciprofloxacin,mutator,13-P,283,14,20.214285714285715
ciprofloxacin,mutator,24-P,436,14,31.142857142857142
ciprofloxacin,mutator,4-14,346,14,24.714285714285715
ciprofloxacin,mutator,49-14,501,14,35.785714285714285
ciprofloxacin,mutator,5-14,605,14,43.214285714285715
ciprofloxacin,mutator,50-14,299,14,21.357142857142858
ciprofloxacin,mutator,51-14,349,14,24.928571428571427
ciprofloxacin,mutator,52-14,419,14,29.928571428571427
ciprofloxacin,mutator,53-14,458,14,32.714285714285715
ciprofloxacin,mutator,54-14,104,14,7.428571428571429
ciprofloxacin,mutator,55-14,58,14,4.142857142857143
ciprofloxacin,mutator,56-14,49,14,3.5
ciprofloxacin,mutator,57-14,612,14,43.714285714285715
ciprofloxacin,mutator,58-14,331,14,23.642857142857142
ciprofloxacin,mutator,59-14,324,14,23.142857142857142
ciprofloxacin,mutator,60-14,461,14,32.92857142857143
ciprofloxacin,mutator,61-14,552,14,39.42857142857143
ciprofloxacin,mutator,62-14,646,14,46.142857142857146
ciprofloxacin,mutator,63-14,343,14,24.5
ciprofloxacin,mutator,64-14,419,14,29.928571428571427
ciprofloxacin,mutator,66-14,402,14,28.714285714285715
ciprofloxacin,mutator,67-14,268,14,19.142857142857142
ciprofloxacin,mutator,68-14,618,14,44.142857142857146
ciprofloxacin,mutator,70-14,398,14,28.428571428571427
ciprofloxacin,WT+mutagen,1655-60-CIP2AP,36,16,2.25
ciprofloxacin,WT+mutagen,1655-61-CIP2AP,38,16,2.375
ciprofloxacin,WT+mutagen,1655-62-CIP2AP,86,16,5.375
ciprofloxacin,WT+mutagen,1655-63-CIP2AP,22,16,1.375
ciprofloxacin,WT+mutagen,1655-64-CIP2AP,13,16,0.8125
ciprofloxacin,WT+mutagen,CIP2AP-50,26,16,1.625
ciprofloxacin,WT+mutagen,CIP2AP-51,13,16,0.8125
ciprofloxacin,WT+mutagen,CIP2AP-52,19,16,1.1875
ciprofloxacin,WT+mutagen,CIP2AP-53,17,16,1.0625
ciprofloxacin,WT+mutagen,CIP2AP-54,21,16,1.3125
ciprofloxacin,WT+mutagen,CIP2AP-55,18,16,1.125
ciprofloxacin,WT+mutagen,CIP2AP-56,23,16,1.4375
ciprofloxacin,WT+mutagen,CIP2AP-57,8,16,0.5
ciprofloxacin,WT+mutagen,CIP2AP-58,36,16,2.25
ciprofloxacin,WT+mutagen,CIPAP-59,15,16,0.9375
ciprofloxacin,WT,10-27,3,16,0.1875
ciprofloxacin,WT,1655-50-CIP,3,16,0.1875
ciprofloxacin,WT,1655-51-CIP,1,16,0.0625
ciprofloxacin,WT,1655-60-CIP,1,16,0.0625
ciprofloxacin,WT,1655-61-CIP,1,16,0.0625
ciprofloxacin,WT,1655-62-CIP,4,16,0.25
ciprofloxacin,WT,1655-63-CIP,2,16,0.125
ciprofloxacin,WT,1655-64-CIP,6,16,0.375
ciprofloxacin,WT,CIP-52,5,16,0.3125
ciprofloxacin,WT,CIP-53,5,16,0.3125
ciprofloxacin,WT,CIP-54,6,16,0.375
ciprofloxacin,WT,CIP-56,1,16,0.0625
ciprofloxacin,WT,CIP-58,1,16,0.0625
ciprofloxacin,WT,CIP-59,1,16,0.0625
colistin,mutator,56-1-d21,335,21,15.952380952380953
colistin,mutator,56-10-d21,440,21,20.952380952380953
colistin,mutator,56-11-d21,274,21,13.047619047619047
colistin,mutator,56-2-d21,474,21,22.571428571428573
colistin,mutator,56-3-d21,389,21,18.523809523809526
colistin,mutator,56-4-d21,510,21,24.285714285714285
colistin,mutator,56-5-d21,280,21,13.333333333333334
colistin,mutator,56-6-d21,251,21,11.952380952380953
colistin,mutator,56-7-d21,479,21,22.80952380952381
colistin,mutator,56-8-d21,423,21,20.142857142857142
colistin,mutator,56-9-d21,455,21,21.666666666666668
colistin,mutator,57-1-d21,213,21,10.142857142857142
colistin,mutator,57-10-d21,295,21,14.047619047619047
colistin,mutator,57-11-d21,282,21,13.428571428571429
colistin,mutator,57-2-d21,378,21,18
colistin,mutator,57-3-d21,663,21,31.571428571428573
colistin,mutator,57-4-d21,249,21,11.857142857142858
colistin,mutator,57-5-d21,568,21,27.047619047619047
colistin,mutator,57-6-d21,558,21,26.571428571428573
colistin,mutator,57-7-d21,348,21,16.571428571428573
colistin,mutator,57-8-d21,260,21,12.380952380952381
colistin,mutator,57-9-d21,226,21,10.761904761904763
colistin,mutator,58-1-d21,365,21,17.38095238095238
colistin,mutator,58-10-d21,391,21,18.61904761904762
colistin,mutator,58-2-d21,306,21,14.571428571428571
colistin,mutator,58-3-d21,481,21,22.904761904761905
colistin,mutator,58-5-d21,244,21,11.619047619047619
colistin,mutator,58-6-d21,349,21,16.61904761904762
colistin,mutator,58-7-d21,335,21,15.952380952380953
colistin,mutator,58-8-d21,325,21,15.476190476190476
colistin,mutator,58-9-d21,365,21,17.38095238095238
colistin,WT+mutagen,M-1-d17,40,17,2.3529411764705883
colistin,WT+mutagen,M-10-d17,21,17,1.2352941176470589
colistin,WT+mutagen,M-11-d17,22,17,1.2941176470588236
colistin,WT+mutagen,M-12-d17,29,17,1.7058823529411764
colistin,WT+mutagen,M-13-d17,8,17,0.47058823529411764
colistin,WT+mutagen,M-14-d17,19,17,1.1176470588235294
colistin,WT+mutagen,M-15-d17,3,17,0.17647058823529413
colistin,WT+mutagen,M-16-d17,14,17,0.8235294117647058
colistin,WT+mutagen,M-17-d17,10,17,0.5882352941176471
colistin,WT+mutagen,M-18-d17,11,17,0.6470588235294118
colistin,WT+mutagen,M-19-d17,9,17,0.5294117647058824
colistin,WT+mutagen,M-2-d17,28,17,1.6470588235294117
colistin,WT+mutagen,M-20-d17,19,17,1.1176470588235294
colistin,WT+mutagen,M-3-d17,37,17,2.176470588235294
colistin,WT+mutagen,M-4-d17,26,17,1.5294117647058822
colistin,WT+mutagen,M-5-d17,44,17,2.588235294117647
colistin,WT+mutagen,M-6-d17,40,17,2.3529411764705883
colistin,WT+mutagen,M-7-d17,37,17,2.176470588235294
colistin,WT+mutagen,M-8-d17,16,17,0.9411764705882353
colistin,WT+mutagen,M-9-d17,12,17,0.7058823529411765
colistin,WT,W-1-d17,3,17,0.17647058823529413
colistin,WT,W-10-d17,4,17,0.23529411764705882
colistin,WT,W-11-d17,5,17,0.29411764705882354
colistin,WT,W-12-d17,7,17,0.4117647058823529
colistin,WT,W-13-d17,2,17,0.11764705882352941
colistin,WT,W-15-d17,3,17,0.17647058823529413
colistin,WT,W-16-d17,3,17,0.17647058823529413
colistin,WT,W-17-d17,4,17,0.23529411764705882
colistin,WT,W-18-d17,3,17,0.17647058823529413
colistin,WT,W-19-d17,7,17,0.4117647058823529
colistin,WT,W-3-d17,8,17,0.47058823529411764
colistin,WT,W-4-d17,3,17,0.17647058823529413
colistin,WT,W-5-d17,4,17,0.23529411764705882
colistin,WT,W-6-d17,3,17,0.17647058823529413
colistin,WT,W-7-d17,5,17,0.29411764705882354
colistin,WT,W-8-d17,1,17,0.058823529411764705
colistin,WT,W-9-d17,5,17,0.29411764705882354
